0,novembre 2019,5,"En arrivant tr√®s bon accueil par un personnel souriant et d√©contract√© 
Le patron vous explique les plats et origine des mets 
A table que du bonheur excellents produits 
Tout cela pour une addition toute √† fait correcte 
Vraiment excellente adresse

Le toulousain"
1,novembre 2019,5,Prix raisonnable pour le secteur. Content de la visite. Tr√®s tr√®s bon. L'accueil est plut√¥t souriant.
2,septembre 2019,5,"Bistrot sympathique, surtout par beau temps, lorsqu'on peut d√©jeuner en terrasse. Accueil chaleureux, prix raisonnables ‚Ä¶ les burgers sont d√©licieux et tr√®s copieux !"
3,novembre 2019,5,"Etant attir√© par la note du restaurant je me suis laiss√© tenter et je ne regrette absolument pas mon choix. Les burgers sont exellent ( sans doute les meilleurs que j'ai mang√©, je recommande le burger MAX), le cadre est sympathique et les serveurs sont...Plus"
4,novembre 2019,5,Accueil chaleureux tr√®s bon service tr√®s bon repas espace convivial restaurant que l‚Äôon m as recommand√©
5,novembre 2019,5,Tr√®s bon plats bon rapport qualit√© prix service rapide et sympathique bonne ambiance cadre sympathique
6,septembre 2019,4,Une r√©putation au top pour un restaurant de quartier tr√®s honn√™te dont la r√©putation d√©passe certainement la r√©alit√© ! Tant mieux pour eux et les amateurs de bonne viande ... Le cadre est moyen et reste √† am√©liorer
7,novembre 2019,5,"Super burger et accueil chaleureux.
En plus la viande c'est de l'aubrac provenance Aveyron donc top qualit√©.
Bref vous pouvez y aller sans aucune h√©sitation.
Le Lyonnais du Cantal."
8,novembre 2019,5,Super restaurant avec un tr√®s bon accueil ! Burgers et tartares excellent..  Je recommande +++. Les Limougeauds üòâ
9,novembre 2019,5,Tres bon restaurant de burger sur paris.. le patron explique tr√®s bien que tout est fait maison et √ßa se voit... un vrai d√©lice..
0,novembre 2019,5,"En arrivant tr√®s bon accueil par un personnel souriant et d√©contract√© 
Le patron vous explique les plats et origine des mets 
A table que du bonheur excellents produits 
Tout cela pour une addition toute √† fait correcte 
Vraiment excellente adresse

Le toulousain"
1,novembre 2019,5,Prix raisonnable pour le secteur. Content de la visite. Tr√®s tr√®s bon. L'accueil est plut√¥t souriant.
2,septembre 2019,5,"Bistrot sympathique, surtout par beau temps, lorsqu'on peut d√©jeuner en terrasse. Accueil chaleureux, prix raisonnables ‚Ä¶ les burgers sont d√©licieux et tr√®s copieux !"
3,novembre 2019,5,"Etant attir√© par la note du restaurant je me suis laiss√© tenter et je ne regrette absolument pas mon choix. Les burgers sont exellent ( sans doute les meilleurs que j'ai mang√©, je recommande le burger MAX), le cadre est sympathique et les serveurs sont...Plus"
4,novembre 2019,5,Accueil chaleureux tr√®s bon service tr√®s bon repas espace convivial restaurant que l‚Äôon m as recommand√©
5,novembre 2019,5,Tr√®s bon plats bon rapport qualit√© prix service rapide et sympathique bonne ambiance cadre sympathique
6,septembre 2019,4,Une r√©putation au top pour un restaurant de quartier tr√®s honn√™te dont la r√©putation d√©passe certainement la r√©alit√© ! Tant mieux pour eux et les amateurs de bonne viande ... Le cadre est moyen et reste √† am√©liorer
7,novembre 2019,5,"Super burger et accueil chaleureux.
En plus la viande c'est de l'aubrac provenance Aveyron donc top qualit√©.
Bref vous pouvez y aller sans aucune h√©sitation.
Le Lyonnais du Cantal."
8,novembre 2019,5,Super restaurant avec un tr√®s bon accueil ! Burgers et tartares excellent..  Je recommande +++. Les Limougeauds üòâ
9,novembre 2019,5,Tres bon restaurant de burger sur paris.. le patron explique tr√®s bien que tout est fait maison et √ßa se voit... un vrai d√©lice..
10,octobre 2019,5,"J‚Äôavais propos√© un restaurant √† mon petit fils et on y est all√© par hasard, aucun regret, le patron est tr√®s sympa et les burgers sont excellents ! A recommander üëçüèª"
11,octobre 2019,5,"Une excellente adresse o√π l‚Äôon c‚Äôest faire de tr√®s tr√®s bon hamburger et de tartares. Les produits sont tous frais , frites maison( tr√®s rares sur Paris). 
L‚Äôaccueil irr√©prochable, on c‚Äôest vous accueillir et le personnel tr√®s gentil √† vos petits soins. 
Franchement nous recommandons...Plus"
12,octobre 2019,5,"Les burgers sont succulents, les prix sont raisonnables, on a tous tr√®s bien mang√© üòä Acceuil tr√®s sympa ‚úîÔ∏è Je recommandeüëç"
13,octobre 2019,5,"Sur les conseils d'amis, nous avons test√© ce restaurant √† burgers. Quel r√©gal dans un cadre sympathique et un personnel aux petits soins, attentif et souriant. Sans nul doute, nous reviendrons (on a d√©j√† h√¢te!) et  recommanderons chaudement  l'√©tablissement aux amis. Des burgers pleins de...Plus"
14,octobre 2019,5,"Restaurant avec des burgers de qualit√©, du fait-maison, du savoir-faire et √ßa se sent dans l'assiette. L'accueil est chaleureux, les plats et les produits sont bien d√©crits. Je recommande vivement ce restaurant car nous venions de loin pour y manger sur les conseils de nos...Plus"
15,octobre 2019,5,"Nous avons trouv√© les gens sympathique et l'ambiance chaleureuse. Les produits sont de tr√®s bonne qualit√©. Nous avons pass√© un bon moment et nous avons tr√®s bien mang√©. Ce restaurant nous a √©t√© conseill√© et nous ne regrettons pas.
Les Lyonnais"
16,octobre 2019,5,"Excellents burgers et frites maison! N h√©sitez pas √† y aller en famille et Ensuite faites petit tour au square rene legall!

Les montpelli√©rains de retour chez eux dans le 13e"
17,octobre 2019,5,"Excellent
Tr√®s accueillant, excellente qualit√© de la viande. Les burger sont d√©licieux. Une adresse incontournable !
Je recommande 
L ardennais et l auboise"
18,octobre 2019,5,"√âquipe super sympa.
Burger extra, avec produits frais.pas gras ou √©c≈ìurant. 
Si la cuisson n est pas comme celle attendue vous pouvez renvoyer sur demande. Et c est eux qui le propose... nos cuissons √©taient parfaites .

Tiramisu d√©vor√©

Je recommande mais pas trop pour...Plus"
19,octobre 2019,4,"Burger tr√®s bons et originaux, les frites aussi, rien √† redire sur la nourriture mais nous n'avons pas pass√© une soir√©e si agr√©able √† cause du bruit mais surtout de la chaleur au sein du restaurant."
0,novembre 2019,5,"En arrivant tr√®s bon accueil par un personnel souriant et d√©contract√© 
Le patron vous explique les plats et origine des mets 
A table que du bonheur excellents produits 
Tout cela pour une addition toute √† fait correcte 
Vraiment excellente adresse

Le toulousain"
1,novembre 2019,5,Prix raisonnable pour le secteur. Content de la visite. Tr√®s tr√®s bon. L'accueil est plut√¥t souriant.
2,septembre 2019,5,"Bistrot sympathique, surtout par beau temps, lorsqu'on peut d√©jeuner en terrasse. Accueil chaleureux, prix raisonnables ‚Ä¶ les burgers sont d√©licieux et tr√®s copieux !"
3,novembre 2019,5,"Etant attir√© par la note du restaurant je me suis laiss√© tenter et je ne regrette absolument pas mon choix. Les burgers sont exellent ( sans doute les meilleurs que j'ai mang√©, je recommande le burger MAX), le cadre est sympathique et les serveurs sont...Plus"
4,novembre 2019,5,Accueil chaleureux tr√®s bon service tr√®s bon repas espace convivial restaurant que l‚Äôon m as recommand√©
5,novembre 2019,5,Tr√®s bon plats bon rapport qualit√© prix service rapide et sympathique bonne ambiance cadre sympathique
6,septembre 2019,4,Une r√©putation au top pour un restaurant de quartier tr√®s honn√™te dont la r√©putation d√©passe certainement la r√©alit√© ! Tant mieux pour eux et les amateurs de bonne viande ... Le cadre est moyen et reste √† am√©liorer
7,novembre 2019,5,"Super burger et accueil chaleureux.
En plus la viande c'est de l'aubrac provenance Aveyron donc top qualit√©.
Bref vous pouvez y aller sans aucune h√©sitation.
Le Lyonnais du Cantal."
8,novembre 2019,5,Super restaurant avec un tr√®s bon accueil ! Burgers et tartares excellent..  Je recommande +++. Les Limougeauds üòâ
9,novembre 2019,5,Tres bon restaurant de burger sur paris.. le patron explique tr√®s bien que tout est fait maison et √ßa se voit... un vrai d√©lice..
10,octobre 2019,5,"J‚Äôavais propos√© un restaurant √† mon petit fils et on y est all√© par hasard, aucun regret, le patron est tr√®s sympa et les burgers sont excellents ! A recommander üëçüèª"
11,octobre 2019,5,"Une excellente adresse o√π l‚Äôon c‚Äôest faire de tr√®s tr√®s bon hamburger et de tartares. Les produits sont tous frais , frites maison( tr√®s rares sur Paris). 
L‚Äôaccueil irr√©prochable, on c‚Äôest vous accueillir et le personnel tr√®s gentil √† vos petits soins. 
Franchement nous recommandons...Plus"
12,octobre 2019,5,"Les burgers sont succulents, les prix sont raisonnables, on a tous tr√®s bien mang√© üòä Acceuil tr√®s sympa ‚úîÔ∏è Je recommandeüëç"
13,octobre 2019,5,"Sur les conseils d'amis, nous avons test√© ce restaurant √† burgers. Quel r√©gal dans un cadre sympathique et un personnel aux petits soins, attentif et souriant. Sans nul doute, nous reviendrons (on a d√©j√† h√¢te!) et  recommanderons chaudement  l'√©tablissement aux amis. Des burgers pleins de...Plus"
14,octobre 2019,5,"Restaurant avec des burgers de qualit√©, du fait-maison, du savoir-faire et √ßa se sent dans l'assiette. L'accueil est chaleureux, les plats et les produits sont bien d√©crits. Je recommande vivement ce restaurant car nous venions de loin pour y manger sur les conseils de nos...Plus"
15,octobre 2019,5,"Nous avons trouv√© les gens sympathique et l'ambiance chaleureuse. Les produits sont de tr√®s bonne qualit√©. Nous avons pass√© un bon moment et nous avons tr√®s bien mang√©. Ce restaurant nous a √©t√© conseill√© et nous ne regrettons pas.
Les Lyonnais"
16,octobre 2019,5,"Excellents burgers et frites maison! N h√©sitez pas √† y aller en famille et Ensuite faites petit tour au square rene legall!

Les montpelli√©rains de retour chez eux dans le 13e"
17,octobre 2019,5,"Excellent
Tr√®s accueillant, excellente qualit√© de la viande. Les burger sont d√©licieux. Une adresse incontournable !
Je recommande 
L ardennais et l auboise"
18,octobre 2019,5,"√âquipe super sympa.
Burger extra, avec produits frais.pas gras ou √©c≈ìurant. 
Si la cuisson n est pas comme celle attendue vous pouvez renvoyer sur demande. Et c est eux qui le propose... nos cuissons √©taient parfaites .

Tiramisu d√©vor√©

Je recommande mais pas trop pour...Plus"
19,octobre 2019,4,"Burger tr√®s bons et originaux, les frites aussi, rien √† redire sur la nourriture mais nous n'avons pas pass√© une soir√©e si agr√©able √† cause du bruit mais surtout de la chaleur au sein du restaurant."
20,octobre 2019,5,"Conseill√©e par une amie, je me suis laiss√©e tenter et je ne suis vraiment pas d√©√ßue ! J‚Äôai opt√© pour le tartare tha√Ø et mon compagnon le gascon, les assaisonnements sont un ravissement ! On reviendra !"
21,octobre 2019,5,"Tr√®s bon tartare au foie gras, qui me rappelle mes racines du Sud ouest ! L'assaisonnement est au top."
22,octobre 2019,5,"Patron tr√®s accueillant ! Tr√®s tr√®s bonne cuisine, aliments de qualit√©, nous avons choisi les Burgers, c‚Äô√©tait super bon ! Chouette moment. 
Charleroi & Bruxelles"
23,octobre 2019,5,"Que des +++ pour ce super restau.
+++ Pour l'accueil chaleureux et la gentillesse du patron et du personnel, vous √™tes pris en charge comme un petit roi, les plats sont expliqu√©s et dataill√©s.
+++ Pour la qualit√© des produits, des burgers aux frites jusqu'au...Plus"
24,octobre 2019,5,"Un personnel extr√™mement agr√©able et super sympa, se soucie des clients et de leur bien-√™tre, service tr√®s rapide et efficace, tr√®s bon rapport qualit√© prix. Les burgers sont divinement bons et sont largement √† la hauteur de mes attentes et ceux de ma famille. Le...Plus"
25,octobre 2019,5,"Au pied de la butte aux cailles, dans un cadre somptueux en face du square Ren√© Legal, venez d√©couvrir le must en mati√®re de burgers, tartares et autres mets d'exception. Un accueil des plus chaleureux avec une √©quipe aux petits oignons pour ses convives. A...Plus"
26,octobre 2019,5,"Tr√®s accueillant, excellente qualit√© de la viande. Les burger sont d√©licieux. Une adresse incontournable !"
27,octobre 2019,5,"Super resto, les burgers sont d√©licieux et l accueil genial !!!! Un service de qualit√©, des produits frai et une super ambiance !!"
28,octobre 2019,5,"Tr√®s accueillant et tr√®s bon burger
Et les tartares sont d√©licieux. Ce restaurant est recommand√©. Bravo!"
29,octobre 2019,5,"Un super accueil du patron qui nous a trouv√© une place malgr√© le monde.
Les burgers sont excellents."
0,novembre 2019,5,"En arrivant tr√®s bon accueil par un personnel souriant et d√©contract√© 
Le patron vous explique les plats et origine des mets 
A table que du bonheur excellents produits 
Tout cela pour une addition toute √† fait correcte 
Vraiment excellente adresse

Le toulousain"
1,novembre 2019,5,Prix raisonnable pour le secteur. Content de la visite. Tr√®s tr√®s bon. L'accueil est plut√¥t souriant.
2,septembre 2019,5,"Bistrot sympathique, surtout par beau temps, lorsqu'on peut d√©jeuner en terrasse. Accueil chaleureux, prix raisonnables ‚Ä¶ les burgers sont d√©licieux et tr√®s copieux !"
3,novembre 2019,5,"Etant attir√© par la note du restaurant je me suis laiss√© tenter et je ne regrette absolument pas mon choix. Les burgers sont exellent ( sans doute les meilleurs que j'ai mang√©, je recommande le burger MAX), le cadre est sympathique et les serveurs sont...Plus"
4,novembre 2019,5,Accueil chaleureux tr√®s bon service tr√®s bon repas espace convivial restaurant que l‚Äôon m as recommand√©
5,novembre 2019,5,Tr√®s bon plats bon rapport qualit√© prix service rapide et sympathique bonne ambiance cadre sympathique
6,septembre 2019,4,Une r√©putation au top pour un restaurant de quartier tr√®s honn√™te dont la r√©putation d√©passe certainement la r√©alit√© ! Tant mieux pour eux et les amateurs de bonne viande ... Le cadre est moyen et reste √† am√©liorer
7,novembre 2019,5,"Super burger et accueil chaleureux.
En plus la viande c'est de l'aubrac provenance Aveyron donc top qualit√©.
Bref vous pouvez y aller sans aucune h√©sitation.
Le Lyonnais du Cantal."
8,novembre 2019,5,Super restaurant avec un tr√®s bon accueil ! Burgers et tartares excellent..  Je recommande +++. Les Limougeauds üòâ
9,novembre 2019,5,Tres bon restaurant de burger sur paris.. le patron explique tr√®s bien que tout est fait maison et √ßa se voit... un vrai d√©lice..
10,octobre 2019,5,"J‚Äôavais propos√© un restaurant √† mon petit fils et on y est all√© par hasard, aucun regret, le patron est tr√®s sympa et les burgers sont excellents ! A recommander üëçüèª"
11,octobre 2019,5,"Une excellente adresse o√π l‚Äôon c‚Äôest faire de tr√®s tr√®s bon hamburger et de tartares. Les produits sont tous frais , frites maison( tr√®s rares sur Paris). 
L‚Äôaccueil irr√©prochable, on c‚Äôest vous accueillir et le personnel tr√®s gentil √† vos petits soins. 
Franchement nous recommandons...Plus"
12,octobre 2019,5,"Les burgers sont succulents, les prix sont raisonnables, on a tous tr√®s bien mang√© üòä Acceuil tr√®s sympa ‚úîÔ∏è Je recommandeüëç"
13,octobre 2019,5,"Sur les conseils d'amis, nous avons test√© ce restaurant √† burgers. Quel r√©gal dans un cadre sympathique et un personnel aux petits soins, attentif et souriant. Sans nul doute, nous reviendrons (on a d√©j√† h√¢te!) et  recommanderons chaudement  l'√©tablissement aux amis. Des burgers pleins de...Plus"
14,octobre 2019,5,"Restaurant avec des burgers de qualit√©, du fait-maison, du savoir-faire et √ßa se sent dans l'assiette. L'accueil est chaleureux, les plats et les produits sont bien d√©crits. Je recommande vivement ce restaurant car nous venions de loin pour y manger sur les conseils de nos...Plus"
15,octobre 2019,5,"Nous avons trouv√© les gens sympathique et l'ambiance chaleureuse. Les produits sont de tr√®s bonne qualit√©. Nous avons pass√© un bon moment et nous avons tr√®s bien mang√©. Ce restaurant nous a √©t√© conseill√© et nous ne regrettons pas.
Les Lyonnais"
16,octobre 2019,5,"Excellents burgers et frites maison! N h√©sitez pas √† y aller en famille et Ensuite faites petit tour au square rene legall!

Les montpelli√©rains de retour chez eux dans le 13e"
17,octobre 2019,5,"Excellent
Tr√®s accueillant, excellente qualit√© de la viande. Les burger sont d√©licieux. Une adresse incontournable !
Je recommande 
L ardennais et l auboise"
18,octobre 2019,5,"√âquipe super sympa.
Burger extra, avec produits frais.pas gras ou √©c≈ìurant. 
Si la cuisson n est pas comme celle attendue vous pouvez renvoyer sur demande. Et c est eux qui le propose... nos cuissons √©taient parfaites .

Tiramisu d√©vor√©

Je recommande mais pas trop pour...Plus"
19,octobre 2019,4,"Burger tr√®s bons et originaux, les frites aussi, rien √† redire sur la nourriture mais nous n'avons pas pass√© une soir√©e si agr√©able √† cause du bruit mais surtout de la chaleur au sein du restaurant."
20,octobre 2019,5,"Conseill√©e par une amie, je me suis laiss√©e tenter et je ne suis vraiment pas d√©√ßue ! J‚Äôai opt√© pour le tartare tha√Ø et mon compagnon le gascon, les assaisonnements sont un ravissement ! On reviendra !"
21,octobre 2019,5,"Tr√®s bon tartare au foie gras, qui me rappelle mes racines du Sud ouest ! L'assaisonnement est au top."
22,octobre 2019,5,"Patron tr√®s accueillant ! Tr√®s tr√®s bonne cuisine, aliments de qualit√©, nous avons choisi les Burgers, c‚Äô√©tait super bon ! Chouette moment. 
Charleroi & Bruxelles"
23,octobre 2019,5,"Que des +++ pour ce super restau.
+++ Pour l'accueil chaleureux et la gentillesse du patron et du personnel, vous √™tes pris en charge comme un petit roi, les plats sont expliqu√©s et dataill√©s.
+++ Pour la qualit√© des produits, des burgers aux frites jusqu'au...Plus"
24,octobre 2019,5,"Un personnel extr√™mement agr√©able et super sympa, se soucie des clients et de leur bien-√™tre, service tr√®s rapide et efficace, tr√®s bon rapport qualit√© prix. Les burgers sont divinement bons et sont largement √† la hauteur de mes attentes et ceux de ma famille. Le...Plus"
25,octobre 2019,5,"Au pied de la butte aux cailles, dans un cadre somptueux en face du square Ren√© Legal, venez d√©couvrir le must en mati√®re de burgers, tartares et autres mets d'exception. Un accueil des plus chaleureux avec une √©quipe aux petits oignons pour ses convives. A...Plus"
26,octobre 2019,5,"Tr√®s accueillant, excellente qualit√© de la viande. Les burger sont d√©licieux. Une adresse incontournable !"
27,octobre 2019,5,"Super resto, les burgers sont d√©licieux et l accueil genial !!!! Un service de qualit√©, des produits frai et une super ambiance !!"
28,octobre 2019,5,"Tr√®s accueillant et tr√®s bon burger
Et les tartares sont d√©licieux. Ce restaurant est recommand√©. Bravo!"
29,octobre 2019,5,"Un super accueil du patron qui nous a trouv√© une place malgr√© le monde.
Les burgers sont excellents."
30,octobre 2019,4,"Nous sommes arriv√© avec mon copain sans r√©servation et le g√©rant s'est occup√© de nous et nous a trouv√© une table. Service et burgers d'exception. 
Je recommande vivement pour les amateurs de burger ;)"
31,octobre 2019,4,"Personnel tr√®s sympathique, bons burgers et frites √©galement quoique en petite quantit√©. En revanche, √©viter l'affreux vin en carafe √† tout de m√™me 12 euros les 50 centilitres !"
32,octobre 2019,5,"Nous avons bien fait d'√©couter notre fils, nous avons vraiment bien manger. Les gens sont tr√®s agr√©ables. 
Les hauts SavoyardsüôÉ"
33,octobre 2019,5,"A la recherche d‚Äôun bon burger sur Paris, nous avons suivi les avis post√©s sur TripAdvisor et, nous n‚Äôavons pas √©t√© d√©√ßus. Du burger au dessert, tout est excellent. Une tr√®s bonne qualit√© de produits et des recettes originales. Et, en plus, un excellent accueil...Plus"
34,octobre 2019,5,"Nous ne savions pas trop o√π manger ce midi alors que nous √©tions sur place d'Italie. En faisant une petite recherche sur TripAdvisor, on a constat√© que ce restaurant √©tait super bien not√© dans le top 5 des restaurants parisiens. J'avais un sacr√© doute car...Plus"
35,octobre 2019,5,"Tr√®s bon Burger ! 
Nous avons manger ce midi √† Il √©tait un Square, service parfait et rapide 
Les lillois üòâüòä"
36,octobre 2019,5,"Quel plaisir pour les papilles! Quel service souriant et convivial ! Nous recommandons en particulier le tartare de dorade tellement plus l√©ger que les √©ternels tartares de saumon.
Une adresse parfaite."
37,octobre 2019,5,Accueil au top! Excellente ambiance! Un r√©gal pour les papilles!! Le tartare Gascon = un d√©lice !!!!ü§©
38,octobre 2019,4,"Tr√®s bien et sympa pour un burger 
Rapidement servit
Burger au bleue : Bon et fait maison 
La consigne ¬´¬†sans noix¬†¬ª respect√©e √† la lettre"
39,octobre 2019,5,"Allez-y les yeux ferm√©s ... les burgers sont exceptionnels, l‚Äôaccueil et le patron tr√®s sympathique. Il prend le temps de vous expliquer sa carte.
Perso, j‚Äôai opt√© pour un burger LE ROMAIN (suggestion du mois)... une explosion de saveurs : steak d Aubrac 150g, tartare...Plus"
0,novembre 2019,5,"En arrivant tr√®s bon accueil par un personnel souriant et d√©contract√© 
Le patron vous explique les plats et origine des mets 
A table que du bonheur excellents produits 
Tout cela pour une addition toute √† fait correcte 
Vraiment excellente adresse

Le toulousain"
1,novembre 2019,5,Prix raisonnable pour le secteur. Content de la visite. Tr√®s tr√®s bon. L'accueil est plut√¥t souriant.
2,septembre 2019,5,"Bistrot sympathique, surtout par beau temps, lorsqu'on peut d√©jeuner en terrasse. Accueil chaleureux, prix raisonnables ‚Ä¶ les burgers sont d√©licieux et tr√®s copieux !"
3,novembre 2019,5,"Etant attir√© par la note du restaurant je me suis laiss√© tenter et je ne regrette absolument pas mon choix. Les burgers sont exellent ( sans doute les meilleurs que j'ai mang√©, je recommande le burger MAX), le cadre est sympathique et les serveurs sont...Plus"
4,novembre 2019,5,Accueil chaleureux tr√®s bon service tr√®s bon repas espace convivial restaurant que l‚Äôon m as recommand√©
5,novembre 2019,5,Tr√®s bon plats bon rapport qualit√© prix service rapide et sympathique bonne ambiance cadre sympathique
6,septembre 2019,4,Une r√©putation au top pour un restaurant de quartier tr√®s honn√™te dont la r√©putation d√©passe certainement la r√©alit√© ! Tant mieux pour eux et les amateurs de bonne viande ... Le cadre est moyen et reste √† am√©liorer
7,novembre 2019,5,"Super burger et accueil chaleureux.
En plus la viande c'est de l'aubrac provenance Aveyron donc top qualit√©.
Bref vous pouvez y aller sans aucune h√©sitation.
Le Lyonnais du Cantal."
8,novembre 2019,5,Super restaurant avec un tr√®s bon accueil ! Burgers et tartares excellent..  Je recommande +++. Les Limougeauds üòâ
9,novembre 2019,5,Tres bon restaurant de burger sur paris.. le patron explique tr√®s bien que tout est fait maison et √ßa se voit... un vrai d√©lice..
10,octobre 2019,5,"J‚Äôavais propos√© un restaurant √† mon petit fils et on y est all√© par hasard, aucun regret, le patron est tr√®s sympa et les burgers sont excellents ! A recommander üëçüèª"
11,octobre 2019,5,"Une excellente adresse o√π l‚Äôon c‚Äôest faire de tr√®s tr√®s bon hamburger et de tartares. Les produits sont tous frais , frites maison( tr√®s rares sur Paris). 
L‚Äôaccueil irr√©prochable, on c‚Äôest vous accueillir et le personnel tr√®s gentil √† vos petits soins. 
Franchement nous recommandons...Plus"
12,octobre 2019,5,"Les burgers sont succulents, les prix sont raisonnables, on a tous tr√®s bien mang√© üòä Acceuil tr√®s sympa ‚úîÔ∏è Je recommandeüëç"
13,octobre 2019,5,"Sur les conseils d'amis, nous avons test√© ce restaurant √† burgers. Quel r√©gal dans un cadre sympathique et un personnel aux petits soins, attentif et souriant. Sans nul doute, nous reviendrons (on a d√©j√† h√¢te!) et  recommanderons chaudement  l'√©tablissement aux amis. Des burgers pleins de...Plus"
14,octobre 2019,5,"Restaurant avec des burgers de qualit√©, du fait-maison, du savoir-faire et √ßa se sent dans l'assiette. L'accueil est chaleureux, les plats et les produits sont bien d√©crits. Je recommande vivement ce restaurant car nous venions de loin pour y manger sur les conseils de nos...Plus"
15,octobre 2019,5,"Nous avons trouv√© les gens sympathique et l'ambiance chaleureuse. Les produits sont de tr√®s bonne qualit√©. Nous avons pass√© un bon moment et nous avons tr√®s bien mang√©. Ce restaurant nous a √©t√© conseill√© et nous ne regrettons pas.
Les Lyonnais"
16,octobre 2019,5,"Excellents burgers et frites maison! N h√©sitez pas √† y aller en famille et Ensuite faites petit tour au square rene legall!

Les montpelli√©rains de retour chez eux dans le 13e"
17,octobre 2019,5,"Excellent
Tr√®s accueillant, excellente qualit√© de la viande. Les burger sont d√©licieux. Une adresse incontournable !
Je recommande 
L ardennais et l auboise"
18,octobre 2019,5,"√âquipe super sympa.
Burger extra, avec produits frais.pas gras ou √©c≈ìurant. 
Si la cuisson n est pas comme celle attendue vous pouvez renvoyer sur demande. Et c est eux qui le propose... nos cuissons √©taient parfaites .

Tiramisu d√©vor√©

Je recommande mais pas trop pour...Plus"
19,octobre 2019,4,"Burger tr√®s bons et originaux, les frites aussi, rien √† redire sur la nourriture mais nous n'avons pas pass√© une soir√©e si agr√©able √† cause du bruit mais surtout de la chaleur au sein du restaurant."
20,octobre 2019,5,"Conseill√©e par une amie, je me suis laiss√©e tenter et je ne suis vraiment pas d√©√ßue ! J‚Äôai opt√© pour le tartare tha√Ø et mon compagnon le gascon, les assaisonnements sont un ravissement ! On reviendra !"
21,octobre 2019,5,"Tr√®s bon tartare au foie gras, qui me rappelle mes racines du Sud ouest ! L'assaisonnement est au top."
22,octobre 2019,5,"Patron tr√®s accueillant ! Tr√®s tr√®s bonne cuisine, aliments de qualit√©, nous avons choisi les Burgers, c‚Äô√©tait super bon ! Chouette moment. 
Charleroi & Bruxelles"
23,octobre 2019,5,"Que des +++ pour ce super restau.
+++ Pour l'accueil chaleureux et la gentillesse du patron et du personnel, vous √™tes pris en charge comme un petit roi, les plats sont expliqu√©s et dataill√©s.
+++ Pour la qualit√© des produits, des burgers aux frites jusqu'au...Plus"
24,octobre 2019,5,"Un personnel extr√™mement agr√©able et super sympa, se soucie des clients et de leur bien-√™tre, service tr√®s rapide et efficace, tr√®s bon rapport qualit√© prix. Les burgers sont divinement bons et sont largement √† la hauteur de mes attentes et ceux de ma famille. Le...Plus"
25,octobre 2019,5,"Au pied de la butte aux cailles, dans un cadre somptueux en face du square Ren√© Legal, venez d√©couvrir le must en mati√®re de burgers, tartares et autres mets d'exception. Un accueil des plus chaleureux avec une √©quipe aux petits oignons pour ses convives. A...Plus"
26,octobre 2019,5,"Tr√®s accueillant, excellente qualit√© de la viande. Les burger sont d√©licieux. Une adresse incontournable !"
27,octobre 2019,5,"Super resto, les burgers sont d√©licieux et l accueil genial !!!! Un service de qualit√©, des produits frai et une super ambiance !!"
28,octobre 2019,5,"Tr√®s accueillant et tr√®s bon burger
Et les tartares sont d√©licieux. Ce restaurant est recommand√©. Bravo!"
29,octobre 2019,5,"Un super accueil du patron qui nous a trouv√© une place malgr√© le monde.
Les burgers sont excellents."
30,octobre 2019,4,"Nous sommes arriv√© avec mon copain sans r√©servation et le g√©rant s'est occup√© de nous et nous a trouv√© une table. Service et burgers d'exception. 
Je recommande vivement pour les amateurs de burger ;)"
31,octobre 2019,4,"Personnel tr√®s sympathique, bons burgers et frites √©galement quoique en petite quantit√©. En revanche, √©viter l'affreux vin en carafe √† tout de m√™me 12 euros les 50 centilitres !"
32,octobre 2019,5,"Nous avons bien fait d'√©couter notre fils, nous avons vraiment bien manger. Les gens sont tr√®s agr√©ables. 
Les hauts SavoyardsüôÉ"
33,octobre 2019,5,"A la recherche d‚Äôun bon burger sur Paris, nous avons suivi les avis post√©s sur TripAdvisor et, nous n‚Äôavons pas √©t√© d√©√ßus. Du burger au dessert, tout est excellent. Une tr√®s bonne qualit√© de produits et des recettes originales. Et, en plus, un excellent accueil...Plus"
34,octobre 2019,5,"Nous ne savions pas trop o√π manger ce midi alors que nous √©tions sur place d'Italie. En faisant une petite recherche sur TripAdvisor, on a constat√© que ce restaurant √©tait super bien not√© dans le top 5 des restaurants parisiens. J'avais un sacr√© doute car...Plus"
35,octobre 2019,5,"Tr√®s bon Burger ! 
Nous avons manger ce midi √† Il √©tait un Square, service parfait et rapide 
Les lillois üòâüòä"
36,octobre 2019,5,"Quel plaisir pour les papilles! Quel service souriant et convivial ! Nous recommandons en particulier le tartare de dorade tellement plus l√©ger que les √©ternels tartares de saumon.
Une adresse parfaite."
37,octobre 2019,5,Accueil au top! Excellente ambiance! Un r√©gal pour les papilles!! Le tartare Gascon = un d√©lice !!!!ü§©
38,octobre 2019,4,"Tr√®s bien et sympa pour un burger 
Rapidement servit
Burger au bleue : Bon et fait maison 
La consigne ¬´¬†sans noix¬†¬ª respect√©e √† la lettre"
39,octobre 2019,5,"Allez-y les yeux ferm√©s ... les burgers sont exceptionnels, l‚Äôaccueil et le patron tr√®s sympathique. Il prend le temps de vous expliquer sa carte.
Perso, j‚Äôai opt√© pour un burger LE ROMAIN (suggestion du mois)... une explosion de saveurs : steak d Aubrac 150g, tartare...Plus"
40,octobre 2019,5,"Nous voil√† parti sur un coup de t√™te pour faire le d√©placement jusqu'au 13√®me arrondissement express√©ment pour tester ""Il √©tait un square"", l√©gende de Tripadvisor qui appara√Æt g√©n√©ralement en t√™te du classement g√©n√©ral...!
Nous avons √©t√© tr√®s bien accueilli par le patron, qui a pris...Plus"
41,octobre 2019,5,"Un superbe accueil ! Les burgers √©taient d√©licieux. Le pain est a√©r√©, les garnitures sont tr√®s bien associ√©es. La viande √©tait parfaitement cuite."
42,octobre 2019,5,Tr√®s bons burgers. Sauce au fromage tr√®s l√©g√®re. Accueil superbe. Bref tr√®s bon resto de quartier et tr√®s bien situ√© en face d'un square. Id√©ale pour les familles.
43,octobre 2019,5,"On s‚Äôest r√©gal√© ; les burgers sont originaux et tres bons (la viande, le pain le fromage et tout le reste ...). Service au top, serveur et patron tr√®s sympa."
44,octobre 2019,5,"super accueil ,les sauces des burgers sont d√©licieuses on a envie d‚Äôessayer d'autre burger .Pour paris et malgr√© le monde dans le restaurant nous avons trouvez une place de stationnent facilement."
45,octobre 2019,5,Les 2 strasbourgeois sont heureux de vous annoncer qu'ils feront des d√©tours dans votre restaurant au service rapide et avec un rapport qualit√© prix merveilleux !!
46,octobre 2019,2,"Le service est tr√®s long: 1h d'attente
Au final sur 8 personnes 3 malades 
Et le patron n'est pas tr√®s aimable ni commer√ßant."
47,octobre 2019,5,"Superbe cuisine. Belle √©quipe et personnel accueillant et agr√©able. Merci pour ce bon moment.
Le ni√ßois"
48,octobre 2019,5,"J'ai √©t√© tr√®s bien accueilli,le service est tr√®s bien, le burger que j ai mang√© et le dessert √©taient tr√®s bons. Pour le burger le pain la viande et la cr√®me de fromage √©taient particuli√®rement au dessus de ce qui se trouve classiquement dans un...Plus"
49,octobre 2019,5,"Je cherchais un restaurant proche de mon h√¥tel et je suis tomb√© sur celui-ci...
Les commentaires sont justifi√©s. Les produits r√©ellement bons. Le service est efficace.
Le patron prend le temps d'expliquer ses produits et de v√©rifier que les clients sont satisfaits. Je l'ai entendu...Plus"
